date,hour,power,head,volume,flow,price
2024/04/09,0,4.624512103032243,74.98422139631181,339884.97815111274,8.156105041975767,48.59
2024/04/09,1,3.354935595432167,73.51220938694392,360498.8997732214,5.726089339474626,38.15
2024/04/09,2,3.308261431398911,71.98895402635254,381102.4682587206,5.723213468194217,38.54
2024/04/09,3,3.731620729018381,70.21616426432934,405081.24175737833,6.660770416293815,41.84
2024/04/09,4,3.621671073373891,68.33135382117099,428628.9419554366,6.541027832793958,41.1
2024/04/09,5,4.965532403354187,65.35945420611903,464267.6124317986,9.899630687878343,58.65
2024/04/09,6,4.618867528041406,62.26828144640795,497349.2929256405,9.189355692733841,63.05
2024/04/09,7,4.091182334908385,59.4151492886564,526091.374062639,7.983911426944047,46.47
2024/04/09,8,-4.743386311721407,62.77501138741156,492103.53439089877,-9.441066575483404,32.52
2024/04/09,9,-5.249145582854494,66.0212022643739,456332.00758597173,-9.936535223590838,27.12
2024/04/09,10,-5.740656066911867,69.0984496457088,419430.01909275487,-10.250552359226916,17.48
2024/04/09,11,-6.093937122200057,71.8940304150416,382386.4060521688,-10.289892511273905,4.08
2024/04/09,12,-6.441690385801616,74.6248469014694,345267.97657707444,-10.310674854192868,4.28
2024/04/09,13,-6.492363714776963,77.02104281403159,309375.8389581424,-9.970038227481126,19.69
2024/04/09,14,-7.08079372898706,79.48572273887817,272363.43253793806,-10.281224005612316,13.22
2024/04/09,15,-6.241180610617891,81.48259860530321,240252.21069848404,-8.91978384429278,22.92
2024/04/09,16,3.9349396500598566,80.09151283854526,262621.8854514983,6.213798542503966,41.91
2024/04/09,17,6.266008888391754,77.38197128772622,303969.56379486225,11.485466206489974,57.73
2024/04/09,18,5.5118343747249465,74.93429392444047,340632.8317310214,10.184241093377551,53.42
2024/04/09,19,4.888841463358089,72.58608292119584,373025.69636750076,8.998017954577591,48.34
2024/04/09,20,3.7783667340317795,70.79910806173608,397196.33764753566,6.714067022231916,40.43
2024/04/09,21,-5.651129129510497,73.30089757537044,363357.1056224748,-9.399786673628014,25.0
2024/04/09,22,-5.621562546755653,75.57456747588031,331042.30271727766,-8.97633414033254,25.84
2024/04/09,23,-6.891451076574414,78.0475495898298,294000.0,-10.289528532577123,6.65
2024/07/09,0,-5.845214811703237,79.0480817935609,279013.2289433372,-8.752714182406322,53.14
2024/07/09,1,-7.33685327964719,81.37411178900054,241996.75791021835,-10.282353064755256,41.26
2024/07/09,2,-7.649027395612216,83.67633477111615,204975.33151832432,-10.283729553303893,38.7
2024/07/09,3,-6.270422494404098,85.52865049053959,174957.99930721428,-8.338147836419452,49.9
2024/07/09,4,0.0,85.52865049053959,174957.99930721428,0.0,58.21
2024/07/09,5,3.8038202762603737,84.30000000000001,194946.3393035513,5.5523166656491725,75.38
2024/07/09,6,4.605576134454087,82.70978339233989,220518.18336253142,7.103290016383362,75.58
2024/07/09,7,-1.879385536085465e-12,82.7097833923343,220518.18336262048,2.474109805916669e-11,59.81
2024/07/09,8,-6.063865928820119,84.54595789211082,190944.96543022746,-8.214782758998062,46.63
2024/07/09,9,-8.088022749767044,86.8362838899987,153684.72331846907,-10.350067253266218,33.71
2024/07/09,10,-8.409932840108295,89.13986772344711,116208.79568276422,-10.409979898806903,21.95
2024/07/09,11,-8.781153267422399,91.72194833956928,78195.26435881697,-10.559314256652016,7.32
2024/07/09,12,-9.17682701782498,94.4619328361379,39588.70625566147,-10.724043917543193,5.31
2024/07/09,13,-9.752298395826596,98.35084269252769,0.0,-10.996862848794853,12.12
2024/07/09,14,1.5063505998114124e-12,98.35084269252772,0.0,0.0,46.43
2024/07/09,15,5.999068260346103,95.94525999032223,24488.586901760184,6.80238525048894,77.36
2024/07/09,16,7.696542448603514,93.02478415783547,59062.88475532664,9.603971625990681,102.11
2024/07/09,17,8.063445045382931,90.28908612136625,99237.10516010014,11.15950566799264,110.09
2024/07/09,18,7.711208427695963,87.63953468050306,140617.01201525104,11.494418570875247,121.81
2024/07/09,19,7.368614313282844,85.03221891540775,183034.21234343346,11.782555646717341,108.05
2024/07/09,20,6.381904419393027,82.70645366404173,220571.72782457748,10.42708763365112,87.85
2024/07/09,21,5.099365057669635,80.85451004287972,250352.33334602325,8.272390422623822,82.93
2024/07/09,22,4.1239177775704405,79.36246069334358,274304.2105044266,6.653299210667598,73.97
2024/07/09,23,3.390300899206684,78.04754958982977,294000.0,5.471052637659284,64.4
2024/10/05,0,3.5534973610112353,75.5158605903154,331921.6613727317,5.944072603536571,81.4
2024/10/05,1,0.0,75.5158605903154,331921.6613727317,0.0,75.54
2024/10/05,2,3.1429211084659947,74.20780407556487,351090.2784901903,5.324615865960723,75.72
2024/10/05,3,3.3552919925650215,72.67173452916708,371867.1717915273,5.771359250371404,79.82
2024/10/05,4,3.5392068919581376,71.01643860906088,394256.7223134008,6.219319589409309,86.2
2024/10/05,5,4.497539074812735,68.66406129592353,424639.15306833084,8.439564098591674,100.4
2024/10/05,6,4.759078384315192,65.87639215966557,458068.5533216382,9.285944514807596,110.0
2024/10/05,7,4.0511368986264,63.38324563870819,485806.985170732,7.70511995808161,94.99
2024/10/05,8,-5.241463488614357,66.51663853658498,450390.79410825484,-9.837830850688107,67.67
2024/10/05,9,-5.802252292633057,69.6,413415.4862621855,-10.270918846130371,47.21
2024/10/05,10,-6.1506006903029675,72.33967563027555,376358.60405005206,-10.293578392259278,32.51
2024/10/05,11,-6.494492328307664,75.02667248176985,339249.11186265724,-10.308192274276351,26.72
2024/10/05,12,-6.819561610978116,77.50046694741732,302194.6410923476,-10.292908547308215,6.8
2024/10/05,13,-7.141355528444353,79.93235415198511,265181.27333220746,-10.281491044483388,29.52
2024/10/05,14,-7.453503473316605,82.23438412741575,228162.9506287211,-10.282867417635096,44.56
2024/10/05,15,0.0,82.23438412741575,228162.9506287211,0.0,69.57
2024/10/05,16,4.857961966294599,80.4717500361116,256507.3937056872,7.8734564102683535,93.86
2024/10/05,17,6.078666596257047,77.92254436144403,295872.4282254161,10.934731811035817,109.86
2024/10/05,18,4.76522245191763,75.9180710166884,325897.03212623857,8.34016775022846,100.28
2024/10/05,19,3.4812246322631837,74.5,347138.03325538896,5.900278091430664,83.55
2024/10/05,20,3.0737208083931478,73.10126689804585,366057.31232351484,5.255355296701637,78.6
2024/10/05,21,0.0,73.10126689804585,366057.31232351484,0.0,67.0
2024/10/05,22,-6.123754674489756,75.57456747588031,331042.3027172777,-9.726391557288096,55.35
2024/10/05,23,-6.891451076574402,78.0475495898298,294000.0,-10.289528532577137,44.22
2024/01/30,0,-5.539776318162446,78.94175029370214,280605.9471372626,-8.310292461871498,68.7
2024/01/30,1,-5.746815859812773,80.83828637235985,250613.22181278936,-8.33131259013146,69.37
2024/01/30,2,-5.863594652521122,82.67813017223675,221027.19025161903,-8.218342100325088,66.06
2024/01/30,3,-6.06178646561405,84.51507662577167,191447.35830384196,-8.216619985493637,65.29
2024/01/30,4,0.0,84.51507662577029,191447.35830426635,0.0,69.37
2024/01/30,5,0.0,84.51507662577029,191447.35830426638,0.0,78.7
2024/01/30,6,4.025158906418243,83.17026339144924,213113.3287831095,6.01832513301197,90.82
2024/01/30,7,4.183237853128718,81.72508764837578,236352.80984605153,6.4554114063727965,95.94
2024/01/30,8,3.631291093637226,80.45803120388696,256728.0024562981,5.659775725068485,84.93
2024/01/30,9,0.0,80.45803120934659,256728.00245610345,0.0,77.15
2024/01/30,10,0.0,80.45803120933556,256728.00245628084,0.0,70.1
2024/01/30,11,-5.794213871339882,82.28873747372418,227288.90913701995,-8.177525922016919,68.1
2024/01/30,12,-5.860434412187472,84.07943874341113,198493.1253399799,-7.99882883251113,68.23
2024/01/30,13,0.0,84.07943874341113,198493.1253399793,0.0,71.93
2024/01/30,14,0.0,84.079438743411,198493.1253399799,0.0,75.0
2024/01/30,15,0.0,84.07943874341109,198493.1253399799,0.0,80.22
2024/01/30,16,3.9633609733801594,82.74470802020072,219956.5698482623,5.962067918967335,88.42
2024/01/30,17,4.462749971745712,81.16810860830154,245309.4394575695,7.042463780363121,99.49
2024/01/30,18,4.5565063713155105,79.49536214907559,272208.42378428555,7.471940090754444,101.39
2024/01/30,19,3.7336126977815915,78.04754958982977,294000.0,6.0532156154762475,88.31
2024/01/30,20,0.0,78.0475495897974,294000.0000004857,0.0,79.18
2024/01/30,21,0.0,78.04754958985627,293999.9999996035,0.0,79.59
2024/01/30,22,0.0,78.04754958982983,293999.99999935797,0.0,76.34
2024/01/30,23,0.0,78.0475495898298,294000.0,0.0,75.1
2024/08/03,0,3.249748957411942,75.64449775067627,329994.8311672482,5.40884199090228,62.84
2024/08/03,1,0.0,75.64449775067627,329994.8311672482,0.0,54.98
2024/08/03,2,-5.569918492829942,77.70078649103536,299194.0948558706,-8.555760086493777,52.12
2024/08/03,3,3.0974230551081634,76.47283238293424,317587.37297083525,5.109243920823516,58.82
2024/08/03,4,3.20529021657468,75.18279239677004,336910.62299166596,5.3675694502307465,60.38
2024/08/03,5,0.0,75.18279239677013,336910.62299166626,0.0,57.69
2024/08/03,6,0.0,75.18279239677005,336910.62299166626,0.0,53.4
2024/08/03,7,-6.34028456586969,77.5119592692562,302022.49991021835,-9.691145300402198,41.69
2024/08/03,8,-7.142807261143556,79.94306039638303,265009.1091057064,-10.281497445697767,32.44
2024/08/03,9,-7.454955400356405,82.24509180504919,227990.76335476295,-10.28287381970651,20.36
2024/08/03,10,-7.767965351296983,84.54595789211082,190944.96543022746,-10.290499423482082,14.66
2024/08/03,11,-8.08802274976704,86.8362838899987,153684.7233184691,-10.35006725326621,6.41
2024/08/03,12,-8.409932840107588,89.13986772344715,116208.79568276422,-10.40997989880691,4.12
2024/08/03,13,-8.781153267422201,91.7219483395693,78195.26435881575,-10.559314256652353,11.92
2024/08/03,14,-9.176827017824788,94.46193283613792,39588.70625566175,-10.724043917542778,26.79
2024/08/03,15,-9.752298395827616,98.35084269252776,0.0,-10.996862848794931,40.58
2024/08/03,16,5.999068260346399,95.94525999032246,24488.58690176042,6.802385250489006,63.32
2024/08/03,17,7.696542860953457,93.02478415783513,59062.88475532656,9.603971625990592,74.76
2024/08/03,18,8.063445045382927,90.28908612136625,99237.10516010005,11.159505667992637,80.66
2024/08/03,19,7.711208427695947,87.63953468050308,140617.01201525083,11.494418570875215,85.03
2024/08/03,20,7.368614313282867,85.03221891540777,183034.21234343332,11.782555646717363,85.18
2024/08/03,21,6.572000097195061,82.61186937679321,222092.71221896863,10.84958329875981,74.76
2024/08/03,22,6.431401436925803,80.08319539413712,262755.6360300983,11.295256614202678,70.56
2024/08/03,23,5.047739947978496,78.04754958982979,294000.0,8.67898999163937,64.64
2024/07/19,0,-5.554029445885931,78.94695007793334,280528.0606129448,-8.331927607515322,80.07
2024/07/19,1,-6.043766178758691,80.93458559075631,249064.66007348066,-8.739833483184498,73.16
2024/07/19,2,-6.130743086570627,82.85156489231582,218238.23332907713,-8.562896317889866,71.83
2024/07/19,3,0.0,82.85156489231582,218238.23332907713,0.0,80.48
2024/07/19,4,0.0,82.85156489231582,218238.23332907713,0.0,90.0
2024/07/19,5,3.7901746989129674,81.55212860080582,239134.11760736097,5.8044122995232925,101.6
2024/07/19,6,3.6068957726848594,80.29004375659571,259429.3633429905,5.63756825989708,98.4
2024/07/19,7,0.0,80.29004375659568,259429.3633429904,0.0,81.43
2024/07/19,8,-6.188710355107459,82.24509180504916,227990.76335476327,-8.732944441174212,70.41
2024/07/19,9,-7.7679653512972475,84.54595789211083,190944.9654302273,-10.29049942348221,59.86
2024/07/19,10,-8.088022750114277,86.83628389616703,153684.72335355097,-10.350067243521202,45.74
2024/07/19,11,-8.409932839805188,89.13986772127821,116208.79571804915,-10.409979898750507,37.86
2024/07/19,12,-8.781153267071664,91.72194833713151,78195.26439461613,-10.559314256509175,37.61
2024/07/19,13,-9.176827017291245,94.46193283253163,39588.70629237324,-10.72404391728969,43.99
2024/07/19,14,-9.752298395826598,98.35084269252769,0.0,-10.996862858992566,65.26
2024/07/19,15,0.0,98.35084269252769,0.0,0.0,77.67
2024/07/19,16,5.999068260346103,95.94525999032223,24488.586901760198,6.8023852504889435,86.9
2024/07/19,17,7.696541631032012,93.02478447719784,59062.88006542734,9.603970323240873,104.69
2024/07/19,18,8.063445090184896,90.28908645285121,99237.10029218368,11.159505618543427,136.98
2024/07/19,19,7.711208781143846,87.63953701455299,140617.0060414578,11.494418263687255,120.14
2024/07/19,20,7.368614362741316,85.03221929181186,183034.20621989178,11.782555605120557,107.11
2024/07/19,21,6.381904596459442,82.7064539809021,220571.7227292339,10.427087919261702,91.7
2024/07/19,22,5.940730431313543,80.43936262572466,257028.20691056724,10.126801161481481,94.99
2024/07/19,23,5.783468711054176,78.0475495898298,294000.0,10.269942524842435,89.52
2024/02/14,0,-5.708211415197038,79.00200233070879,279703.4439685005,-8.56098778652764,59.34
2024/02/14,1,-6.043818723774738,80.98418169620876,248267.11848797937,-8.732312633478088,55.76
2024/02/14,2,-6.095095781116667,82.8893176629258,217631.14121459273,-8.509993687051846,54.79
2024/02/14,3,-6.075667187523246,84.72111558968695,188095.4067973321,-8.204370671461284,55.06
2024/02/14,4,-6.196327362579672,86.51303852050164,158943.4510018056,-8.097765498757362,58.74
2024/02/14,5,0.0,86.51303852050182,158943.45100180575,0.0,63.93
2024/02/14,6,3.578158599890554,85.38539199319425,177288.6047758584,5.095876048347961,73.41
2024/02/14,7,4.149346096051431,84.0254341036876,199361.55937520316,6.131376277595763,80.13
2024/02/14,8,3.335257270672039,82.90893565948087,217315.66950700193,4.9872528143885475,69.65
2024/02/14,9,0.0,82.9089356594809,217315.66950700257,0.0,63.86
2024/02/14,10,0.0,82.90893565948255,217315.66950697597,0.0,63.29
2024/02/14,11,0.0,82.90893565948255,217315.66950696998,0.0,60.19
2024/02/14,12,-6.248869306291969,84.7879779687186,187007.6540349811,-8.418893186663581,53.92
2024/02/14,13,0.0,84.78797796871856,187007.65403497618,0.0,60.0
2024/02/14,14,0.0,84.78797796871862,187007.65403498113,0.0,64.55
2024/02/14,15,0.0,84.78797796872128,187007.6540349811,0.0,66.65
2024/02/14,16,3.754014230059748,83.55178528703642,206978.17815517267,5.547367811164328,76.3
2024/02/14,17,4.239370418750008,82.09438170023023,230414.28801405057,6.5100305163549805,87.8
2024/02/14,18,4.024948786760304,80.68368848022541,253099.26878932433,6.3013835486871415,84.79
2024/02/14,19,3.7789099334839413,79.32860022764088,274811.39962383785,6.03114745403154,76.77
2024/02/14,20,3.3019698941434488,78.0475451831659,294000.0,5.330166771156158,69.58
2024/02/14,21,0.0,78.04754958982998,293999.999999998,0.0,68.2
2024/02/14,22,0.0,78.04754958982996,293999.99999999756,0.0,63.8
2024/02/14,23,0.0,78.04754958982996,293999.99999999756,0.0,61.62
2024/11/21,0,-7.071119279367358,79.41437556717217,273510.74714912305,-10.281181347465818,90.4
2024/11/21,1,-7.383257821782669,81.71633620131566,236493.53950415843,-10.282557679156838,86.8
2024/11/21,2,-7.695438149877263,84.01860499667917,199471.3764017903,-10.283934195102262,84.15
2024/11/21,3,-8.014358769863072,86.30914554203736,162260.49047543318,-10.336357201765871,84.23
2024/11/21,4,-8.3358465457343,88.60967866032473,124834.1621075809,-10.396202324403411,93.51
2024/11/21,5,-7.3844071860981675,90.74803420513739,92497.36955113336,-8.982442376790981,109.4
2024/11/21,6,0.0,90.74803420513753,92497.36955113124,0.0,123.36
2024/11/21,7,3.990677654452818,89.47306653066518,111220.50042317878,5.200869686679873,133.85
2024/11/21,8,3.6683562420957756,88.3619930072138,128863.67550607241,4.9008819674704505,135.04
2024/11/21,9,3.601306410372432,87.27228161950751,146591.68024221904,4.924445760040733,127.44
2024/11/21,10,0.0,87.27228161950728,146591.68024222244,0.0,115.55
2024/11/21,11,0.0,87.27228161950727,146591.6802422224,0.0,113.7
2024/11/21,12,0.0,87.27228161950728,146591.68024222218,0.0,121.29
2024/11/21,13,3.6875069386236716,86.12840252717021,165200.91402220013,5.169231605549427,134.4
2024/11/21,14,4.4752482957336746,84.67604915305249,188828.57157023464,6.563238207787364,144.79
2024/11/21,15,6.108802003480029,82.45504659687715,224614.53467681678,9.940545307383928,161.23
2024/11/21,16,5.179580341055468,80.5548969325059,255170.33090660255,8.48772117494049,169.9
2024/11/21,17,4.440778975204456,78.88160747468825,281506.814351634,7.315689845842073,155.9
2024/11/21,18,4.017601338434813,77.28412902589037,305435.12339637446,6.646752512427909,148.93
2024/11/21,19,3.3584453134113827,75.94552106581708,325485.86335000995,5.569649987120968,129.08
2024/11/21,20,0.0,75.94552106581706,325485.86335000995,0.0,121.56
2024/11/21,21,0.0,75.94552106581698,325485.86335000995,0.0,120.0
2024/11/21,22,-5.728347078292462,78.04754959013707,294000.0,-8.74607315278054,106.36
2024/11/21,23,0.0,78.0475495898298,294000.0,0.0,113.3
2024/06/16,0,3.1354513914090574,75.68933110749377,329323.2813142596,5.222300365072126,6.0
2024/06/16,1,2.842770774792445,74.52769204870452,346723.23961608665,4.833321750507494,4.01
2024/06/16,2,0.0,74.52769204870454,346723.2396160866,-1.4210854715202004e-14,3.02
2024/06/16,3,0.0,74.52769204870454,346723.2396160866,0.0,2.96
2024/06/16,4,0.0,74.52769204870454,346723.2396160866,0.0,3.51
2024/06/16,5,-5.060626305636701,76.41587996871658,318440.45175212953,-7.856329962210296,0.47
2024/06/16,6,-5.2496020584415515,78.31557866767128,289985.2462407904,-7.904223753149765,-0.02
2024/06/16,7,-5.436094186665374,80.16667701002805,261413.1906971347,-7.936682095459915,-1.27
2024/06/16,8,-6.905506835299108,82.30488201739878,227029.2930876986,-9.551082669287801,-10.0
2024/06/16,9,-7.776271979568629,84.60540000085791,189977.92957350047,-10.292045420610592,-13.34
2024/06/16,10,-8.096377461984655,86.8960700867507,152712.08965497508,-10.351622199590388,-20.01
2024/06/16,11,-8.418335914611822,89.20000000000003,115230.53180890575,-10.411543846130371,-30.01
2024/06/16,12,-8.790876529913003,91.7895348689991,77202.74395140685,-10.563274404860806,-35.68
2024/06/16,13,-9.191621579024114,94.5619112487364,38570.93619813112,-10.731057709243256,-29.04
2024/06/16,14,-9.565576458188735,98.35084269252769,0.0,-10.714148943925313,-9.86
2024/06/16,15,0.0,98.35084269252769,0.0,0.0,-1.32
2024/06/16,16,-1.2395418025334948e-11,98.35084269252769,0.0,0.0,25.6
2024/06/16,17,8.650832894672327,94.62086601611294,37970.78267073436,10.547439630759545,45.18
2024/06/16,18,8.264934944337199,91.77988882775581,77344.3978115095,10.937115316881982,55.9
2024/06/16,19,7.892463371368257,89.01897715267704,118175.50781897343,11.341975002073319,69.47
2024/06/16,20,7.554412876898143,86.44624065035816,160030.1542992389,11.626290688962627,73.14
2024/06/16,21,7.210274505313755,83.81296944993854,202778.1461266843,11.874442174290387,65.0
2024/06/16,22,6.8694443130137515,81.14116242950058,245742.75368593654,11.934613210903407,64.39
2024/06/16,23,6.52487906711776,78.40964763534188,288576.2060552179,11.898181213689256,56.7
2024/01/09,0,-5.887748728692647,79.06230918596137,278800.11968823464,-8.811911197712591,83.29
2024/01/09,1,-5.928682272951561,81.00344603145939,247957.333912372,-8.567440493295194,85.0
2024/01/09,2,-6.094474777616567,82.90776195785992,217334.54348598048,-8.506330673997638,83.89
2024/01/09,3,-6.248836341686417,84.78684514418688,187026.08342728612,-8.419016682970657,82.45
2024/01/09,4,-6.200692423307235,86.57791281675641,157888.04142801336,-8.09390055535355,88.29
2024/01/09,5,0.0,86.5779129356491,157888.03949380407,-5.372803570935503e-07,99.83
2024/01/09,6,3.9617163784476235,85.32425985312342,178283.1368526183,5.665304821892846,112.16
2024/01/09,7,4.501905147376787,83.82162664127313,202638.9321694595,6.765498699122553,130.5
2024/01/09,8,4.053210683817534,82.44562435748932,224766.05350388738,6.146422592896634,120.69
2024/01/09,9,3.5979436495316754,81.20720441304438,244680.75037368742,5.5318602416111275,109.08
2024/01/09,10,0.0,81.2072044130444,244680.75037368768,0.0,102.1
2024/01/09,11,-5.818126919726572,83.02054041092963,215520.98362178227,-8.099935208862618,92.22
2024/01/09,12,-5.912419862241724,84.79710246948956,186859.2118009113,-7.961603283575272,92.11
2024/01/09,13,0.0,84.79710246949074,186859.21180089188,0.0,101.19
2024/01/09,14,3.754627800828935,83.5610027018044,206829.95539612384,5.547428776453323,112.35
2024/01/09,15,4.117171142035366,82.15256465510072,229478.66747946065,6.291308912038005,122.38
2024/01/09,16,5.03893126284868,80.30320387993582,259217.73895154963,8.260853186691378,137.1
2024/01/09,17,4.738580988330433,78.45335595181882,287921.50795567606,7.9732691678129015,136.7
2024/01/09,18,4.306974548085654,76.70350652739509,314132.15126099373,7.280734251477128,129.74
2024/01/09,19,3.617812803798489,75.24046405989358,336046.77072537533,6.087394295661554,116.34
2024/01/09,20,3.3895894468348517,73.78325313127664,356832.7591553042,5.773885674980235,105.57
2024/01/09,21,0.0,73.7832531312766,356832.7591553042,0.0,98.4
2024/01/09,22,-5.452841437065986,75.92990864812685,325719.7186209266,-8.642511259549323,93.69
2024/01/09,23,-5.771273411799842,78.0475495898298,294000.0,-8.811032950257385,83.0
2024/08/15,0,3.313778753275596,75.61818952960304,330388.89673021773,5.518304647282704,74.21
2024/08/15,1,0.0,75.61818952960304,330388.89673021773,0.0,70.71
2024/08/15,2,-5.515644625552394,77.6549660216841,299880.4304693724,-8.474573961345925,64.39
2024/08/15,3,0.0,77.6549660216841,299880.4304693724,0.0,72.13
2024/08/15,4,3.4521474455255685,76.28370303604333,320420.3034965904,5.705520285338324,78.43
2024/08/15,5,3.531409676482209,74.85089689509525,341882.01909444854,5.961587666071708,82.77
2024/08/15,6,0.0,74.85089689509525,341882.01909444854,0.0,73.05
2024/08/15,7,-6.4027083643571014,77.2119130041564,306516.8326910022,-9.823662889846204,48.67
2024/08/15,8,-7.1049048268057735,79.66353736438188,269504.04353842477,-10.281330320160393,33.06
2024/08/15,9,-7.417047892058228,81.96553135357206,232486.2995199585,-10.282706671796191,12.96
2024/08/15,10,-7.729232743597589,84.26783350844642,195463.5999723005,-10.284083207682777,10.02
2024/08/15,11,-8.048983978916066,86.55692302462481,158229.51453595518,-10.342801510095924,0.3
2024/08/15,12,-8.370668088499468,88.85888974312167,120779.89498681694,-10.40267209698284,0.11
2024/08/15,13,-8.735719719693982,91.40613913318263,82832.97966734193,-10.540809810965282,0.34
2024/08/15,14,-9.112885664608985,94.02782473105168,44333.05254206643,-10.694424201465417,2.05
2024/08/15,15,-9.681578921486016,97.87293593414674,4865.042125893716,-10.963336226714643,16.81
2024/08/15,16,0.0,97.87293593414674,4865.042125893716,0.0,51.88
2024/08/15,17,8.582452249063781,94.12838995178147,42984.13884733189,10.588637978177271,82.65
2024/08/15,18,8.217043054501225,91.42554173962814,82548.04888281159,10.989975009855472,102.89
2024/08/15,19,7.849381103524404,88.69109914362899,123509.60174774958,11.378209129149443,100.0
2024/08/15,20,7.51025064153783,86.11014353825784,165497.96097019748,11.663433117346642,102.78
2024/08/15,21,7.1666796247251074,83.47122417430467,208273.659665095,11.882138526360421,88.62
2024/08/15,22,6.825628525277,80.7976854373624,251266.11449005236,11.942348562488156,78.92
2024/08/15,23,6.48010708638026,78.0475495898298,294000.0,11.870523752763233,71.06
2024/04/24,0,-5.7082116480654275,79.00200241434467,279703.44271573535,-8.560988134517965,71.19
2024/04/24,1,-6.1585115064709735,81.01774925571566,247727.3276236311,-8.882254192251168,63.57
2024/04/24,2,-6.569708384187128,83.0511738705692,215028.3752254204,-9.083042332836307,60.0
2024/04/24,3,3.7836400679225335e-13,83.0511738705692,215028.3752254204,0.0,72.42
2024/04/24,4,-2.2231105845094135e-11,83.05117387056919,215028.3752254204,0.0,82.3
2024/04/24,5,4.165716770525535,81.6098149692345,238206.4786865489,6.438362072535689,101.2
2024/04/24,6,4.538574855070938,79.96534138940069,264650.8144707767,7.345648828952164,107.19
2024/04/24,7,3.4315803753906415,78.68646634896513,284429.7941058557,5.494161009744161,87.2
2024/04/24,8,-5.868189193149096,80.6464580803088,253697.9299165767,-8.53662894146639,68.35
2024/04/24,9,-2.737721160883666e-11,80.64646000093587,253697.92991659365,4.718003765447065e-12,73.2
2024/04/24,10,-2.631495021887531e-11,80.64646000093592,253697.9299165932,-1.2789769243681803e-13,76.17
2024/04/24,11,-7.550346918384207,82.94858557301822,216678.06994915337,-10.283294435399945,51.07
2024/04/24,12,-7.865701435385838,85.2453558606951,179566.7870984286,-10.308689680756878,46.02
2024/04/24,13,-8.186324591269203,87.5397304103007,142240.6809929235,-10.368362807084758,44.36
2024/04/24,14,-8.52241443349442,89.9234511961665,104606.5201601634,-10.453933564655582,33.82
2024/04/24,15,-8.896471816353385,92.52352913695806,66423.90538672169,-10.606281881511588,57.13
2024/04/24,16,-2.48334686148155e-11,92.52352913695815,66423.90538672169,0.0,65.77
2024/04/24,17,5.568995142426395,90.77790897578468,92058.65314145053,7.120763265202456,89.86
2024/04/24,18,7.770640543404353,88.09184336217089,133258.6136895392,11.444433485580184,108.15
2024/04/24,19,7.429536247368402,85.49586587400623,175491.35689504264,11.731317557084296,110.0
2024/04/24,20,6.60001123884653,83.09675570708998,214295.3860151352,10.778896977803491,99.54
2024/04/24,21,5.298954551270187,81.17097192200542,245263.39528272313,8.602224796552193,89.31
2024/04/24,22,4.314162856477424,79.6095218443727,270372.6525365863,6.974793681628654,83.5
2024/04/24,23,4.011465434437962,78.0475495898298,293999.9999999999,6.563152073170443,80.0
2024/08/09,0,-6.089248433553589,79.12729376754274,277826.7286841858,-9.08229758772618,22.62
2024/08/09,1,-5.75233264235695,81.00710829233917,247898.44208362987,-8.313412944598866,26.4
2024/08/09,2,0.0,81.00710829233917,247898.44208362987,0.0,30.98
2024/08/09,3,-6.045829332022774,82.8970655956618,217506.54879947752,-8.442192578931206,25.34
2024/08/09,4,5.196838641483303,81.00906063040199,247867.0470621893,8.433471739642151,48.04
2024/08/09,5,5.2414598921295585,78.9692842548096,280193.52146034676,8.979576221710417,51.0
2024/08/09,6,4.349817402771592,77.21191300416085,306516.83269093547,7.312030897385753,45.89
2024/08/09,7,2.1369572777985013e-11,77.21191300415639,306516.8326910023,1.8559376258053817e-11,29.17
2024/08/09,8,-7.1049048268057735,79.66353736438188,269504.04353842477,-10.281330320160421,6.98
2024/08/09,9,-7.417047892058229,81.96553135357205,232486.2995199586,-10.282706671796163,0.1
2024/08/09,10,-7.729232743597773,84.2678335084464,195463.59997230064,-10.284083207682762,-0.36
2024/08/09,11,-8.04898397891595,86.55692302462481,158229.5145359553,-10.342801510095931,-0.69
2024/08/09,12,-8.37066808849947,88.85888974312167,120779.894986817,-10.402672096982862,-1.86
2024/08/09,13,-8.735719719693984,91.40613913318265,82832.97966734195,-10.540809810965293,-3.32
2024/08/09,14,-9.11288566460899,94.02782473105167,44333.0525420664,-10.694424201465429,-4.79
2024/08/09,15,-9.681578921486013,97.87293593414674,4865.042125893685,-10.963336226714642,1.79
2024/08/09,16,0.0,97.87293593414674,4865.042125893685,0.0,41.07
2024/08/09,17,8.582452249063763,94.12838995178147,42984.13884733182,10.58863797817726,79.93
2024/08/09,18,8.217043054501225,91.42554173962816,82548.04888281152,10.989975009855474,107.86
2024/08/09,19,7.849381103524404,88.69109914362899,123509.6017477495,11.37820912914944,110.32
2024/08/09,20,7.510250641537812,86.11014353825783,165497.96097019746,11.66343311734665,105.21
2024/08/09,21,7.166679624725099,83.47122417430467,208273.65966509498,11.882138526360428,89.07
2024/08/09,22,6.82562852527699,80.79768543736242,251266.11449005236,11.942348562488164,73.67
2024/08/09,23,6.48010708638026,78.0475495898298,294000.0,11.870523752763233,69.75
2024/02/06,0,-7.071119279388271,79.41437556717757,273510.7471490345,-10.281181347490419,28.93
2024/02/06,1,-7.383257821781564,81.7163362013161,236493.53950415098,-10.282557679134314,12.2
2024/02/06,2,-7.6954381498781075,84.01860499668548,199471.3764016887,-10.28393419512841,6.81
2024/02/06,3,-8.014358769863824,86.30914554204371,162260.49047533155,-10.336357201765878,4.6
2024/02/06,4,-8.33584244713847,88.60967796991002,124834.20472941692,-10.396190484976287,21.2
2024/02/06,5,-8.695422700761819,91.12603400811548,86946.37408476071,-10.524397401293388,52.2
2024/02/06,6,4.28222307846422,89.76709671636719,106902.61397205107,5.543399968691766,70.27
2024/02/06,7,6.686266373664811,87.58291758054958,141538.08912561813,9.620965320435293,88.87
2024/02/06,8,5.578445659085656,85.7719640386371,170999.6450294633,8.183765528845882,87.3
2024/02/06,9,6.675771697447289,83.35400337033303,210158.65577517945,10.87750298492115,84.18
2024/02/06,10,3.508448042229407,82.16644768073176,229255.4182914006,5.304656254505879,64.13
2024/02/06,11,0.0,82.16644768073189,229255.41829139812,0.0,53.96
2024/02/06,12,-6.047007749869344,84.01833392878517,199475.73537143072,-8.272134144435391,50.95
2024/02/06,13,0.0,84.01833392878518,199475.7353714307,0.0,52.43
2024/02/06,14,0.0,84.01833392878527,199475.73537142947,0.0,56.89
2024/02/06,15,0.0,84.01833392883628,199475.73537224764,0.0,61.33
2024/02/06,16,3.954741579871582,82.68535962352797,220910.93539667584,5.954222229007833,71.98
2024/02/06,17,5.286673090499392,80.74653775516227,252088.6065624521,8.660464212715624,84.73
2024/02/06,18,5.944810815991912,78.3008629795205,290205.66957992397,10.58807306040886,88.5
2024/02/06,19,3.4921458617732215,76.92531694173046,310809.69758560776,5.723341112689937,65.54
2024/02/06,20,2.9999798735613195,75.72265733817821,328824.094393947,5.003999113427568,59.98
2024/02/06,21,0.0,75.7226573381786,328824.09439394606,0.0,56.93
2024/02/06,22,0.0,75.72265733817838,328824.0943939489,0.0,52.83
2024/02/06,23,-6.395751744505635,78.0475495898298,294000.0,-9.67335955387469,41.34
2024/07/04,0,-7.071119974033863,79.4143757606914,273510.74403719074,-10.281182211891462,2.3
2024/07/04,1,-7.383257848025672,81.71633639486136,236493.53639180213,-10.282557679274618,0.18
2024/07/04,2,-7.695438176124877,84.01860519025027,199471.37328902548,-10.283934195215735,1.72
2024/07/04,3,-8.014358796755696,86.30914573448153,162260.48734465032,-10.336357206770877,2.17
2024/07/04,4,3.474387610053844,85.20956410960618,180149.066351429,4.96904972410519,12.13
2024/07/04,5,6.306735638458114,82.9255130014717,217049.0937447706,10.250007609261552,19.72
2024/07/04,6,6.755661896272178,80.24920899720331,260086.01608723766,11.954700650685297,31.23
2024/07/04,7,6.3426658972093275,77.5119592692562,302022.49991021823,11.649023284161274,23.21
2024/07/04,8,-7.142807261142061,79.94306039638404,265009.10910570645,-10.281497445697724,0.89
2024/07/04,9,-7.454955400356339,82.24509180504916,227990.76335476333,-10.282873819706417,-7.82
2024/07/04,10,-7.767965351297058,84.54595789211078,190944.9654302275,-10.290499423482181,-11.17
2024/07/04,11,-8.088022749767045,86.8362838899987,153684.7233184691,-10.350067253266218,-25.79
2024/07/04,12,-8.4099328401083,89.13986772344713,116208.7956827642,-10.409979898806917,-38.84
2024/07/04,13,-8.781153267422397,91.72194833956928,78195.26435881697,-10.559314256652009,-42.22
2024/07/04,14,-9.176827017824928,94.4619328361379,39588.70625566179,-10.724043917543105,-50.0
2024/07/04,15,-9.752298395826596,98.35084269252769,0.0,-10.996862848794942,-27.88
2024/07/04,16,0.0,98.35084269252772,0.0,0.0,-2.38
2024/07/04,17,8.65083289467233,94.62086601611296,37970.782670734116,10.547439630759545,38.04
2024/07/04,18,8.26493494433719,91.77988882775583,77344.39781150939,10.937115316882021,61.07
2024/07/04,19,7.892463371368272,89.01897715267705,118175.50781897333,11.341975002073319,73.19
2024/07/04,20,7.5544128768981444,86.44624065035816,160030.15429923878,11.62629068896262,65.15
2024/07/04,21,7.210274505313761,83.81296944993854,202778.14612668415,11.87444217429038,49.73
2024/07/04,22,3.3225521642024494,82.69652305557084,220731.4192590707,4.9870203145518275,1.8
2024/07/04,23,0.0,82.69652305557084,220731.4192590707,0.0,0.0
2024/03/23,0,5.984221070569484,74.14563793575526,351931.13836975046,11.50226065826402,42.82
2024/03/23,1,3.3510888143513196,72.61071360866322,372692.5414223692,5.767056403505194,27.64
2024/03/23,2,0.0,72.61071360866323,372692.5414223692,0.0,23.62
2024/03/23,3,0.0,72.61071360866323,372692.5414223692,0.0,21.46
2024/03/23,4,0.0,72.61071360866322,372692.5414223692,0.0,21.72
2024/03/23,5,0.0,72.61071360866323,372692.54142236913,-1.4210854715202004e-14,22.58
2024/03/23,6,0.0,72.61071360866323,372692.54142236913,0.0,21.92
2024/03/23,7,-5.192087916038433,74.8055288273851,342561.57827457256,-8.369711985499052,19.37
2024/03/23,8,-6.79054528612641,77.27965117780076,305502.1961841319,-10.294272802900181,5.26
2024/03/23,9,-7.113461646127491,79.72664223146987,268489.2712031574,-10.2813680502707,0.01
2024/03/23,10,-7.425605856872984,82.02864466844686,231471.39133811108,-10.282744406957306,-0.05
2024/03/23,11,-7.737894444478924,84.33077092878835,194445.74145952723,-10.284902744051067,0.2
2024/03/23,12,-8.057777773782288,86.61985129030086,157205.764023179,-10.344438176763397,-0.15
2024/03/23,13,-8.379512787335997,88.92218227685352,119750.21836746662,-10.404318237697886,-7.95
2024/03/23,14,-8.74595398911548,91.47727767871886,81788.29726104252,-10.544978085117805,-0.93
2024/03/23,15,-9.123269081115723,94.1,43273.145664973184,-10.69865322113037,-1.47
2024/03/23,16,0.0,94.1,43273.145664973184,0.0,18.27
2024/03/23,17,8.214282212824564,91.40511456057428,82848.02570138533,10.993022232336704,41.32
2024/03/23,18,7.846897523924676,88.67219783747167,123817.0982544912,11.380297931418298,52.96
2024/03/23,19,7.507704804646966,86.09076842239432,165813.1656653732,11.665574280800556,44.97
2024/03/23,20,7.1641664943468575,83.45152345664651,208590.46158841634,11.88258220084532,36.52
2024/03/23,21,6.823102660181801,80.77788489079558,251584.52173510983,11.942794485192628,33.17
2024/03/23,22,6.44522757296544,78.0475495898298,294000.0,11.782077295802836,25.19
2024/03/23,23,0.0,78.0475495898298,294000.0,0.0,15.02
2024/12/13,0,-7.0711192793672595,79.4143755671721,273510.74714912253,-10.281181347465967,122.9
2024/12/13,1,-7.383257821781175,81.71633620131614,236493.5395041505,-10.282557679158884,118.97
2024/12/13,2,-7.695438149877241,84.01860499667916,199471.37640179045,-10.283934195100024,114.95
2024/12/13,3,-8.014358769862966,86.3091455420374,162260.49047543388,-10.336357201765708,115.64
2024/12/13,4,-8.335842447137605,88.60967796990369,124834.20472951987,-10.396190484976117,123.14
2024/12/13,5,-8.695422700760815,91.12603400810836,86946.37408486518,-10.524397401292969,143.95
2024/12/13,6,4.282223078458713,89.76709671636165,106902.61397213236,5.543399968685328,186.4
2024/12/13,7,6.785766137235143,87.54231719723634,142198.59776651705,9.804439942884638,253.0
2024/12/13,8,7.355519987775558,84.93256442663471,184655.44459710876,11.793568564053245,245.74
2024/12/13,9,4.13502343953251,83.56108797498,206828.5841412027,6.159205428914987,208.42
2024/12/13,10,3.5363910068415905,82.36828715677862,226009.69215475093,5.32808555931895,174.1
2024/12/13,11,0.0,82.36828715677862,226009.69215475093,0.0,165.84
2024/12/13,12,0.0,82.36828715677862,226009.69215475093,0.0,165.0
2024/12/13,13,3.7220108150674136,81.08274236805963,246682.19092605077,5.742360769805515,184.5
2024/12/13,14,4.269044742681842,79.53798419568898,271523.03015663754,6.900233119607435,214.74
2024/12/13,15,5.748613881014677,77.06503117748704,308716.94609112036,10.331643315134116,245.43
2024/12/13,16,6.013160582866267,74.26337962492812,350338.5630083027,11.561560254772871,284.21
2024/12/13,17,5.494550474492073,71.43768760664533,388558.9038151225,10.616761335227721,260.0
2024/12/13,18,4.566264987253348,69.0990362881809,419422.9841452604,8.573355647260541,225.6
2024/12/13,19,3.0030912108465913,67.48644484754568,438760.99094559974,5.371668555649805,175.0
2024/12/13,20,-5.618873002868696,70.34832992965349,403293.56753847346,-9.852062057535079,146.22
2024/12/13,21,-5.9099155223644475,72.97180058104652,367808.4751277773,-9.856970114082259,135.09
2024/12/13,22,-6.491413849868657,75.57456747588031,331042.3027172777,-10.212825669583225,116.52
2024/12/13,23,-6.891451076574416,78.0475495898298,294000.0,-10.289528532577137,116.94
2024/10/21,0,-7.071118926967102,79.41437547342173,273510.7486567083,-10.28118092869214,-0.08
2024/10/21,1,-7.3832581031334605,81.71633620131628,236493.53950414894,-10.282558097933162,-0.04
2024/10/21,2,-7.69543814987728,84.01860499667927,199471.37640178882,-10.28393419510003,0.09
2024/10/21,3,-8.014358769862957,86.30914554203751,162260.49047543225,-10.336357201765715,5.91
2024/10/21,4,-8.335842447198987,88.60967796991986,124834.20472925702,-10.396190485048677,44.88
2024/10/21,5,0.0,88.60967796991984,124834.204729257,0.0,96.17
2024/10/21,6,6.006193862175095,86.68881303578742,156083.8576501783,8.680459144700357,120.31
2024/10/21,7,3.9784046492620115,85.43251729268636,176521.9453263795,5.677246576722553,103.9
2024/10/21,8,0.0,85.43251729268661,176521.94532618293,0.0,89.63
2024/10/21,9,-6.243605360875863,87.21519549490392,147520.38769518113,-8.055988230833833,82.57
2024/10/21,10,-8.469937821088198,89.55868555169322,109963.16961555155,-10.432560577674884,75.82
2024/10/21,11,-6.645700899033219,91.50687972974089,81353.55990171303,-7.947113809399589,81.6
2024/10/21,12,-9.129749155329067,94.1437918341125,42827.34925386445,-10.70172517995794,81.44
2024/10/21,13,0.0,94.14379183408461,42827.34925415546,0.0,83.09
2024/10/21,14,3.957564769833625,92.95617380337768,60070.44021842249,4.789747490074175,91.49
2024/10/21,15,5.6937817046648975,91.19068566966041,85996.95274299844,7.20180903460443,106.19
2024/10/21,16,7.82082680619812,88.4737863923358,127044.96122698407,11.402224578884894,148.8
2024/10/21,17,7.480980557529477,85.88738328561269,169121.9433002651,11.688050575911397,170.8
2024/10/21,18,6.784187185266584,83.42633847002129,208995.45456076064,11.075975350137654,119.49
2024/10/21,19,3.8712436092046585,82.11038068751009,230157.01647658646,5.878211643284949,91.78
2024/10/21,20,4.02730228285888,80.69917438601303,252850.24411809177,6.303674344862586,97.73
2024/10/21,21,3.8200894447785627,79.32860022764127,274811.3996238377,6.100320973818313,92.97
2024/10/21,22,3.3019692550188746,78.04754958982981,294000.0,5.3301667711562,82.44
2024/10/21,23,0.0,78.0475495898298,293999.99999997154,0.0,78.72
2024/08/05,0,-6.055313586515378,79.11669586112303,277985.47259727505,-9.038202056312484,51.06
2024/08/05,1,-6.858530770160254,81.31044278345642,243020.60200373444,-9.71246405376128,46.45
2024/08/05,2,-6.55032944065411,83.32857571190088,210567.55108735236,-9.01473636566169,48.45
2024/08/05,3,-6.104517608911362,85.14965954993778,181123.62560583244,-8.178868189311096,54.7
2024/08/05,4,3.403045541852805,84.04281696653393,199082.03024950868,4.988445734354514,69.99
2024/08/05,5,3.958194787667022,82.70913891237547,220528.54707088927,5.957365783716831,80.11
2024/08/05,6,3.843140438555821,81.38561863736084,241811.71938750218,5.911992310170248,78.56
2024/08/05,7,3.527487088839667,80.14876595221756,261701.21358348554,5.524859498884268,70.12
2024/08/05,8,-6.693423385003037,82.24509180504914,227990.76335476336,-9.364013952422823,45.78
2024/08/05,9,-7.767965351297167,84.54595789211115,190944.9654302214,-10.29049942348388,27.18
2024/08/05,10,-8.088022749767052,86.83628388999871,153684.72331846913,-10.35006725326452,30.4
2024/08/05,11,-8.409932840108306,89.13986772344714,116208.79568276257,-10.409979898807372,8.26
2024/08/05,12,-8.781153267422116,91.72194833956928,78195.26435881693,-10.559314256651572,3.31
2024/08/05,13,-9.176827017872796,94.46193283615119,39588.70625545905,-10.72404391759941,9.97
2024/08/05,14,-9.752298395858434,98.35084269252773,0.0,-10.996862848738626,27.18
2024/08/05,15,0.0,98.35084269252769,0.0,0.0,60.36
2024/08/05,16,8.650832894672327,94.62086601611293,37970.78267073438,10.54743963075955,94.75
2024/08/05,17,8.264934944337199,91.7798888277558,77344.39781150968,10.93711531688203,127.87
2024/08/05,18,7.892463371368272,89.01897715267704,118175.50781897362,11.341975002073315,171.91
2024/08/05,19,7.554412876898127,86.44624065035815,160030.1542992391,11.626290688962634,136.76
2024/08/05,20,7.210274505313752,83.81296944993852,202778.14612668456,11.874442174290401,111.88
2024/08/05,21,6.869444313013737,81.14116242950055,245742.75368593686,11.934613210903422,99.04
2024/08/05,22,4.540612824389747,79.47371576265567,272556.5134818186,7.448266609967149,78.78
2024/08/05,23,3.6780947058075153,78.0475495898298,294000.0,5.95652403282817,65.9
